"HD","Star"
"28",""
"87",""
"123","V640 Cas"
"142",""
"144",""
"315",""
"319",""
"344",""
"352","AP Psc"
"358","Alpheratz"
"360",""
"432","Caph"
"448",""
"493",""
"496",""
"560",""
"571",""
"587",""
"636",""
"645",""
"693",""
"720",""
"739",""
"787",""
"886","Algenib"
"905",""
"942",""
"1013",""
"1014","AD Cet"
"1032",""
"1038","AE Cet"
"1061","UU Psc"
"1064",""
"1187",""
"1227",""
"1239",""
"1279",""
"1280",""
"1317",""
"1337","AO Cas"
"1404",""
"1438",""
"1439",""
"1522",""
"1563",""
"1581",""
"1606",""
"1632",""
"1635",""
"1671",""
"1685",""
"1737",""
"1760","T Cet"
"1796",""
"1801",""
"1835","BE Cet"
"1967","R And"
"1967",""
"1976",""
"2011",""
"2051",""
"2054",""
"2114",""
"2140",""
"2151",""
"2261","Ankaa"
"2262",""
"2273",""
"2363",""
"2410",""
"2411","TV Psc"
"2421",""
"2429",""
"2436",""
"2490",""
"2626",""
"2628","GN And"
"2637",""
"2696",""
"2724","BB Phe"
"2726",""
"2729",""
"2767",""
"2772",""
"2774",""
"2834",""
"2884",""
"2885",""
"2905",""
"2910",""
"2913",""
"2952",""
"3003",""
"3038",""
"3059",""
"3112",""
"3158",""
"3196",""
"3229",""
"3240",""
"3283",""
"3302",""
"3326","BG Cet"
"3346",""
"3360",""
"3369",""
"3379","AG Psc"
"3421",""
"3443",""
"3512",""
"3546",""
"3574",""
"3627",""
"3651",""
"3690",""
"3712","Schedar"
"3735","Z Scl"
"3807",""
"3817",""
"3823",""
"3837",""
"3856",""
"3901",""
"3919",""
"3980",""
"4058",""
"4065",""
"4088",""
"4089",""
"4128","Diphda"
"4142",""
"4150",""
"4161","YZ Cas"
"4180",""
"4188",""
"4211",""
"4222",""
"4247",""
"4293",""
"4307",""
"4382",""
"4391",""
"4398",""
"4408",""
"4440",""
"4482",""
"4490","XX Psc"
"4502",""
"4526",""
"4568",""
"4585",""
"4614",""
"4622",""
"4627",""
"4628",""
"4636",""
"4656",""
"4676",""
"4727",""
"4727",""
"4730",""
"4732",""
"4757",""
"4758",""
"4775",""
"4778","GO And"
"4813",""
"4815",""
"4818","V526 Cas"
"4849","AZ Phe"
"4853",""
"4919",""
"5015",""
"5098",""
"5112",""
"5190",""
"5234",""
"5267",""
"5268",""
"5276","BQ Tuc"
"5286",""
"5382",""
"5384",""
"5394",""
"5395",""
"5408",""
"5437",""
"5448",""
"5457",""
"5516",""
"5550",""
"5575",""
"5608",""
"5679",""
"5722",""
"5737",""
"5820","WW Psc"
"5848",""
"6055",""
"6116",""
"6118",""
"6178",""
"6186",""
"6192",""
"6203",""
"6210",""
"6211",""
"6245",""
"6288",""
"6311","CC Tuc"
"6386",""
"6397",""
"6456",""
"6457",""
"6476",""
"6479",""
"6480",""
"6482",""
"6530",""
"6557",""
"6582",""
"6595",""
"6658",""
"6676",""
"6680",""
"6695",""
"6706",""
"6734",""
"6763",""
"6767",""
"6793",""
"6798",""
"6805",""
"6811",""
"6829",""
"6860","Mirach"
"6882",""
"6903",""
"6920",""
"6953",""
"6960",""
"6961",""
"6972","RU Cas"
"6976",""
"7014",""
"7019",""
"7034",""
"7087",""
"7106",""
"7147",""
"7218",""
"7312","AI Scl"
"7318",""
"7344",""
"7345",""
"7374",""
"7389",""
"7439",""
"7446",""
"7476",""
"7570",""
"7672","AY Cet"
"7727",""
"7788",""
"7804",""
"7927",""
"7964",""
"8003",""
"8036",""
"8126",""
"8207","Adhil"
"8269",""
"8335",""
"8374",""
"8388",""
"8491",""
"8498",""
"8511","AV Cet"
"8512",""
"8538","Ruchbah"
"8556",""
"8651",""
"8671",""
"8705",""
"8723",""
"8763",""
"8799",""
"8810",""
"8829",""
"8875",""
"8879","R Scl"
"8890","Polaris"
"9021",""
"9053",""
"9057",""
"9065","WZ Scl"
"9100","VX Psc"
"9132",""
"9138",""
"9184","AW Phe"
"9228",""
"9270",""
"9352",""
"9362",""
"9377",""
"9408",""
"9525",""
"9531","KK And"
"9562",""
"9640",""
"9656",""
"9672",""
"9746","OP And"
"9766",""
"9774",""
"9780",""
"9826","Titawin"
"9856",""
"9900",""
"9906",""
"9919",""
"9927",""
"9996","GY And"
"10072",""
"10135",""
"10142",""
"10144","Achernar"
"10148",""
"10164",""
"10204",""
"10205",""
"10221","V557 Cas"
"10250",""
"10307",""
"10348",""
"10360",""
"10361",""
"10380",""
"10390",""
"10425",""
"10476",""
"10516",""
"10537",""
"10538",""
"10550",""
"10615",""
"10647",""
"10697",""
"10700",""
"10761",""
"10780",""
"10800",""
"10824",""
"10830",""
"10845","VY Psc"
"10859",""
"10934",""
"10939",""
"10975",""
"10982",""
"11007",""
"11025",""
"11037",""
"11151",""
"11154",""
"11171",""
"11241","V436 Per"
"11257",""
"11291",""
"11353","Baten Kaitos"
"11413","BD Phe"
"11415",""
"11428",""
"11443","Mothallah"
"11502","Mesarthim"
"11503",""
"11522","BK Cet"
"11529",""
"11559",""
"11604",""
"11636","Sheratan"
"11695",""
"11727",""
"11733",""
"11749",""
"11753",""
"11763","RR Ari"
"11909",""
"11928",""
"11930",""
"11937",""
"11946",""
"11949",""
"11973",""
"11977",""
"12020",""
"12021",""
"12055",""
"12111",""
"12139",""
"12211",""
"12216",""
"12230",""
"12235",""
"12255",""
"12274",""
"12279",""
"12292","AR Cet"
"12296",""
"12301",""
"12303",""
"12311",""
"12311",""
"12339",""
"12363",""
"12438",""
"12446",""
"12447","Alrescha"
"12471",""
"12524",""
"12533","Almach"
"12534",""
"12558",""
"12573",""
"12583",""
"12641",""
"12642",""
"12767",""
"12800",""
"12866",""
"12866",""
"12869",""
"12872","WZ Psc"
"12885",""
"12929","Hamal"
"12953","V472 Per"
"13041",""
"13161",""
"13174",""
"13267",""
"13294",""
"13295",""
"13325",""
"13336",""
"13363",""
"13372",""
"13421",""
"13468",""
"13474",""
"13480","TZ Tri"
"13520",""
"13522",""
"13530",""
"13555",""
"13596",""
"13611",""
"13612",""
"13692",""
"13709",""
"13869",""
"13871",""
"13872",""
"13940",""
"13974",""
"13982",""
"13994",""
"14028","W And"
"14055",""
"14129",""
"14141",""
"14191",""
"14212",""
"14214",""
"14228",""
"14252",""
"14287",""
"14386","Mira"
"14392",""
"14489","V474 Per"
"14622",""
"14641",""
"14652",""
"14662","V440 Per"
"14690",""
"14691",""
"14728",""
"14770",""
"14802",""
"14818",""
"14872",""
"14943",""
"14951",""
"15004",""
"15008",""
"15089",""
"15130",""
"15138",""
"15144","AB Cet"
"15176",""
"15220",""
"15228",""
"15233",""
"15248",""
"15257",""
"15318",""
"15335",""
"15371",""
"15379","TZ Hor"
"15427",""
"15434",""
"15434",""
"15524",""
"15550","UU Ari"
"15596",""
"15633",""
"15634","TY For"
"15656",""
"15694",""
"15755",""
"15779",""
"15798",""
"15814",""
"15920",""
"15975",""
"16024",""
"16028",""
"16046",""
"16058",""
"16074",""
"16141",""
"16160",""
"16161",""
"16176",""
"16210","R Tri"
"16212",""
"16232",""
"16234",""
"16246",""
"16247",""
"16307",""
"16400",""
"16417",""
"16432",""
"16458",""
"16522",""
"16538",""
"16555",""
"16582",""
"16620",""
"16628",""
"16673",""
"16727",""
"16735",""
"16739",""
"16754",""
"16765",""
"16769",""
"16811",""
"16815",""
"16825",""
"16861",""
"16895",""
"16901",""
"16908",""
"16920",""
"16970",""
"16975",""
"16978",""
"17017",""
"17036",""
"17051",""
"17081",""
"17093","UV Ari"
"17094",""
"17138","RZ Cas"
"17206",""
"17361",""
"17378","V480 Per"
"17459",""
"17463","SU Cas"
"17471","VZ Ari"
"17491","Z Eri"
"17504",""
"17506",""
"17528",""
"17543",""
"17566",""
"17573",""
"17584",""
"17652",""
"17656",""
"17709",""
"17713",""
"17729",""
"17769",""
"17793",""
"17824",""
"17829",""
"17848",""
"17878",""
"17904",""
"17948",""
"18071",""
"18091",""
"18149",""
"18191","RZ Ari"
"18242","R Hor"
"18256",""
"18262",""
"18293",""
"18296","LT Per"
"18322","Azha"
"18331",""
"18404",""
"18411",""
"18438",""
"18449",""
"18454",""
"18474",""
"18482",""
"18519",""
"18520",""
"18535",""
"18537",""
"18543",""
"18604",""
"18622","Acamar"
"18623",""
"18633",""
"18692",""
"18700",""
"18760","CV Eri"
"18769",""
"18778",""
"18784",""
"18803",""
"18866",""
"18883",""
"18884","Menkar"
"18885",""
"18907",""
"18925",""
"18953",""
"18970",""
"18978",""
"19058",""
"19065",""
"19107",""
"19134",""
"19135",""
"19141",""
"19270",""
"19275",""
"19319",""
"19349",""
"19356","Algol"
"19373",""
"19374","UW Ari"
"19400",""
"19460",""
"19476",""
"19548",""
"19656",""
"19698",""
"19787","Botein"
"19832","SX Ari"
"19845",""
"19926",""
"19978",""
"19994",""
"20010",""
"20041",""
"20084",""
"20123",""
"20149",""
"20150",""
"20210","V423 Per"
"20234","TW Hor"
"20313","BN Hyi"
"20315",""
"20320","Zibal"
"20336","BK Cam"
"20346",""
"20365",""
"20395",""
"20418",""
"20468",""
"20559",""
"20606",""
"20610",""
"20618",""
"20630",""
"20631",""
"20640",""
"20644",""
"20663",""
"20675",""
"20677",""
"20720",""
"20729",""
"20756",""
"20766",""
"20791",""
"20794",""
"20797",""
"20807",""
"20809",""
"20825",""
"20893",""
"20894",""
"20902","Mirfak"
"20995",""
"21017",""
"21024",""
"21050",""
"21120",""
"21278",""
"21291",""
"21362",""
"21364",""
"21364",""
"21389",""
"21402",""
"21423",""
"21428",""
"21430",""
"21447",""
"21467",""
"21530",""
"21551",""
"21552",""
"21574",""
"21635",""
"21665",""
"21686",""
"21688",""
"21699","V396 Per"
"21722",""
"21754",""
"21755",""
"21770",""
"21790",""
"21803","KP Per"
"21819",""
"21856",""
"21882",""
"21912","IW Per"
"21933",""
"21981","TU Hor"
"22001",""
"22049","Ran"
"22091",""
"22192",""
"22203",""
"22231",""
"22252",""
"22374",""
"22409",""
"22468","V711 Tau"
"22470","EG Eri"
"22484",""
"22649","BD Cam"
"22663",""
"22675",""
"22676",""
"22701",""
"22713",""
"22764",""
"22780",""
"22789",""
"22796",""
"22805",""
"22920",""
"22928",""
"22951",""
"23005",""
"23016",""
"23089",""
"23180","Atik"
"23183",""
"23193",""
"23227",""
"23230",""
"23249",""
"23277",""
"23281",""
"23288","Celaeno"
"23300",""
"23302","Electra"
"23319",""
"23324",""
"23338","Taygeta"
"23363",""
"23401",""
"23408","Maia"
"23413",""
"23432","Asterope"
"23441",""
"23466",""
"23475","BE Cam"
"23480","Merope"
"23523",""
"23526",""
"23614",""
"23629",""
"23630","Alcyone"
"23719",""
"23728","V376 Per"
"23738",""
"23753",""
"23754",""
"23793",""
"23817",""
"23822",""
"23838",""
"23848","V467 Per"
"23850","Atlas"
"23862","Pleione"
"23878",""
"23887",""
"23940",""
"23978",""
"23985",""
"24071",""
"24072",""
"24131",""
"24141",""
"24155","V766 Tau"
"24160",""
"24240",""
"24263",""
"24357",""
"24388",""
"24398",""
"24479",""
"24480",""
"24504",""
"24512",""
"24534","X Per"
"24546",""
"24554",""
"24555",""
"24587",""
"24626",""
"24640",""
"24706",""
"24712","DO Eri"
"24740",""
"24744",""
"24760",""
"24769","V817 Tau"
"24809","V386 Per"
"24832","DL Eri"
"24912","Menkib"
"25007",""
"25025","Zaurak"
"25069",""
"25165",""
"25202",""
"25204",""
"25267",""
"25274",""
"25291",""
"25330",""
"25340",""
"25371",""
"25422",""
"25457",""
"25470","XY Dor"
"25490",""
"25555",""
"25558",""
"25570",""
"25604",""
"25621",""
"25638","SZ Cam"
"25642",""
"25680",""
"25705",""
"25723",""
"25728",""
"25823","GS Tau"
"25867",""
"25940","MX Per"
"25945",""
"25975",""
"25998",""
"26038",""
"26162",""
"26171",""
"26311",""
"26322","IM Tau"
"26326",""
"26356",""
"26409",""
"26462",""
"26464",""
"26574","Beid"
"26591",""
"26612",""
"26630",""
"26659",""
"26670",""
"26673",""
"26690",""
"26722",""
"26755",""
"26764",""
"26793",""
"26836",""
"26846",""
"26911",""
"26912",""
"26913","V891 Tau"
"26923","V774 Tau"
"26961","b Per"
"26965","Keid"
"26967",""
"27022",""
"27045",""
"27084",""
"27176",""
"27179",""
"27192",""
"27245",""
"27256",""
"27278",""
"27290",""
"27295",""
"27304",""
"27309","V724 Tau"
"27322",""
"27348",""
"27371",""
"27376",""
"27382",""
"27383",""
"27396","V469 Per"
"27397","V483 Tau"
"27442",""
"27459","V696 Tau"
"27463","TT Ret"
"27497",""
"27536","EK Eri"
"27563","EM Eri"
"27588",""
"27611",""
"27616",""
"27628","V775 Tau"
"27638",""
"27639",""
"27657",""
"27697",""
"27742",""
"27749",""
"27777",""
"27778",""
"27786",""
"27819",""
"27820",""
"27861",""
"27881",""
"27901",""
"27934",""
"27946",""
"27962","V776 Tau"
"27971",""
"27991",""
"28024",""
"28028",""
"28052","V777 Tau"
"28093",""
"28100",""
"28149",""
"28204",""
"28217",""
"28226",""
"28292",""
"28294",""
"28305","Ain"
"28307",""
"28319",""
"28355",""
"28375",""
"28413",""
"28446",""
"28479",""
"28485",""
"28497","DU Eri"
"28525",""
"28527",""
"28546",""
"28556",""
"28595",""
"28677",""
"28704",""
"28732",""
"28749",""
"28776",""
"28780",""
"28843","DZ Eri"
"28873",""
"28910",""
"28929",""
"28978",""
"29009","EH Eri"
"29064","DV Eri"
"29065",""
"29085",""
"29094",""
"29116",""
"29139","Aldebaran"
"29140",""
"29248",""
"29291",""
"29305",""
"29316",""
"29317",""
"29335",""
"29365","HU Tau"
"29375",""
"29388",""
"29391",""
"29399",""
"29479",""
"29488",""
"29499",""
"29503",""
"29526",""
"29573",""
"29589",""
"29613",""
"29645",""
"29646",""
"29678",""
"29712","R Dor"
"29721",""
"29722",""
"29737",""
"29755","DM Eri"
"29763",""
"29859",""
"29875",""
"29992",""
"30020","DW Eri"
"30021",""
"30034",""
"30076","DX Eri"
"30080",""
"30121",""
"30127",""
"30138",""
"30185",""
"30197",""
"30202",""
"30210",""
"30211",""
"30238",""
"30338",""
"30442",""
"30453",""
"30453",""
"30454",""
"30478",""
"30495",""
"30504",""
"30557",""
"30562",""
"30605",""
"30606",""
"30608",""
"30612",""
"30614",""
"30652",""
"30739",""
"30780","V480 Tau"
"30814",""
"30823",""
"30834",""
"30836",""
"30912",""
"30958",""
"30959",""
"30985",""
"31093",""
"31109",""
"31134",""
"31139",""
"31203",""
"31204",""
"31237",""
"31278",""
"31283",""
"31295",""
"31296",""
"31331",""
"31373",""
"31398",""
"31414",""
"31421",""
"31444","R Eri"
"31512",""
"31539",""
"31553",""
"31579",""
"31592",""
"31647",""
"31761",""
"31767",""
"31780",""
"31845",""
"31910",""
"31925",""
"31964",""
"31996","R Lep"
"32008",""
"32045","S Eri"
"32068",""
"32249",""
"32263",""
"32301",""
"32309",""
"32343","BV Cam"
"32357","BM Cam"
"32393",""
"32436",""
"32440",""
"32503",""
"32515",""
"32537",""
"32549","V1032 Ori"
"32630",""
"32650","BN Cam"
"32667",""
"32736","W Ori"
"32743",""
"32831",""
"32846","X Cae"
"32887",""
"32890",""
"32923",""
"32964",""
"32977",""
"32990",""
"32991",""
"33021",""
"33042",""
"33054",""
"33093",""
"33111","Cursa"
"33167",""
"33224",""
"33254",""
"33256",""
"33262",""
"33276",""
"33285",""
"33296",""
"33328",""
"33541",""
"33554",""
"33564",""
"33608",""
"33641",""
"33647","V1085 Ori"
"33664","RX Lep"
"33684","WZ Dor"
"33802",""
"33833",""
"33856",""
"33904",""
"33949",""
"33959","KW Aur"
"33988",""
"34019","R Aur"
"34029","Capella"
"34043",""
"34053",""
"34078","AE Aur"
"34085","Rigel"
"34172",""
"34203",""
"34233",""
"34255",""
"34266",""
"34269","PU Aur"
"34310",""
"34334",""
"34364","AR Aur"
"34411",""
"34452","IQ Aur"
"34499",""
"34503",""
"34538",""
"34557",""
"34559",""
"34578",""
"34642",""
"34649",""
"34658",""
"34721",""
"34721",""
"34759",""
"34787",""
"34790",""
"34797","TX Lep"
"34816",""
"34863",""
"34868",""
"34904",""
"34968",""
"34989",""
"35007",""
"35039",""
"35072",""
"35076",""
"35148",""
"35149",""
"35162",""
"35186",""
"35189",""
"35239",""
"35296",""
"35299",""
"35337",""
"35369",""
"35410",""
"35411",""
"35439","V1086 Ori"
"35468","Bellatrix"
"35497","Elnath"
"35505",""
"35515","SW Col"
"35520",""
"35532",""
"35536",""
"35580",""
"35583",""
"35600",""
"35620",""
"35671",""
"35708",""
"35715","Psi Ori"
"35736",""
"35770",""
"35802",""
"35860",""
"35943",""
"36040",""
"36060",""
"36066",""
"36079","Nihal"
"36134",""
"36162",""
"36166",""
"36167","CI Ori"
"36175",""
"36175",""
"36187",""
"36189",""
"36189",""
"36217","CK Ori"
"36267",""
"36351",""
"36371",""
"36389","CE Tau"
"36473",""
"36485",""
"36486","Mintaka"
"36512",""
"36553",""
"36570",""
"36576","V960 Tau"
"36591",""
"36597",""
"36653",""
"36673","Arneb"
"36678",""
"36695","VV Ori"
"36734",""
"36777",""
"36780",""
"36819",""
"36822",""
"36848",""
"36861","Meissa"
"36862",""
"36874",""
"36881",""
"36959",""
"36960",""
"37017","V1046 Ori"
"37018",""
"37020","V1016 Ori"
"37021","BM Ori"
"37022",""
"37023",""
"37041",""
"37043",""
"37070",""
"37077",""
"37128","Alnilam"
"37147",""
"37160",""
"37171",""
"37192",""
"37202",""
"37209",""
"37269",""
"37289",""
"37297",""
"37320",""
"37350",""
"37367",""
"37430",""
"37434","TX Pic"
"37438",""
"37468",""
"37479","V1030 Ori"
"37481",""
"37490",""
"37495",""
"37507",""
"37536","NO Aur"
"37594",""
"37601",""
"37638",""
"37711",""
"37717",""
"37742","Alnitak"
"37743",""
"37756",""
"37763",""
"37788",""
"37795","Phact"
"37808","V1051 Ori"
"37811",""
"37967","V731 Tau"
"37984",""
"37993","WX Men"
"38089",""
"38090",""
"38091",""
"38099","V1197 Ori"
"38104",""
"38129",""
"38170",""
"38206",""
"38307","Y Tau"
"38392",""
"38393",""
"38478",""
"38527",""
"38529",""
"38545",""
"38558",""
"38602",""
"38618",""
"38622",""
"38656",""
"38666",""
"38678",""
"38710",""
"38735","V1031 Ori"
"38751",""
"38771","Saiph"
"38831",""
"38858",""
"38871",""
"38899",""
"38944",""
"39003",""
"39004",""
"39007",""
"39014",""
"39019",""
"39051",""
"39060",""
"39070",""
"39091",""
"39118",""
"39190",""
"39220","TU Cam"
"39283",""
"39286",""
"39291",""
"39317","V809 Tau"
"39357",""
"39364",""
"39400",""
"39421",""
"39425","Wazn"
"39523",""
"39586",""
"39587",""
"39640",""
"39698",""
"39720",""
"39764",""
"39775",""
"39780","TZ Men"
"39801","Betelgeuse"
"39810",""
"39816","U Ori"
"39844",""
"39853",""
"39910",""
"39937",""
"39985",""
"40020",""
"40035",""
"40084",""
"40091",""
"40111",""
"40136",""
"40151",""
"40176",""
"40183","Menkalinan"
"40239",""
"40248",""
"40292",""
"40312",""
"40369",""
"40372","V1004 Ori"
"40394",""
"40409",""
"40446",""
"40486",""
"40494",""
"40535","V474 Mon"
"40536",""
"40657",""
"40724",""
"40733",""
"40801",""
"40808",""
"40873",""
"40932",""
"40953",""
"40967",""
"41040",""
"41047",""
"41074",""
"41116",""
"41117",""
"41214",""
"41312",""
"41335",""
"41357",""
"41361",""
"41380",""
"41511","SS Lep"
"41534",""
"41543",""
"41547",""
"41586","SW Pic"
"41597",""
"41692",""
"41695",""
"41698","S Lep"
"41742",""
"41753",""
"41759",""
"41841",""
"41843",""
"41927",""
"41933",""
"42042",""
"42049",""
"42054",""
"42078",""
"42087",""
"42111",""
"42126",""
"42127",""
"42167",""
"42216",""
"42301",""
"42303",""
"42341",""
"42398",""
"42443",""
"42471",""
"42475","TV Gem"
"42509",""
"42525",""
"42536","V653 Mon"
"42540",""
"42543","BU Gem"
"42545",""
"42560",""
"42621",""
"42633",""
"42657","V638 Mon"
"42682",""
"42690",""
"42818",""
"42933",""
"42954",""
"42973","UW Lyn"
"42995","Propus"
"43023",""
"43039",""
"43042",""
"43107",""
"43112",""
"43153",""
"43157",""
"43232",""
"43244",""
"43247",""
"43261",""
"43318",""
"43378","UZ Lyn"
"43380",""
"43384",""
"43386",""
"43396",""
"43429",""
"43445",""
"43445",""
"43455",""
"43525",""
"43544",""
"43587",""
"43740",""
"43749",""
"43760",""
"43785",""
"43812",""
"43818",""
"43819","V1155 Ori"
"43827",""
"43834",""
"43834",""
"43836",""
"43847",""
"43899",""
"43905",""
"43940",""
"43955",""
"43993",""
"44033",""
"44081",""
"44112",""
"44131",""
"44323",""
"44402","Furud"
"44458","FR CMa"
"44478",""
"44497",""
"44506",""
"44537",""
"44639",""
"44691","RR Lyn"
"44708",""
"44743","Mirzam"
"44762",""
"44769",""
"44770",""
"44951",""
"44984","BL Ori"
"44990","T Mon"
"45018",""
"45067",""
"45145",""
"45229",""
"45291",""
"45320",""
"45348","Canopus"
"45352",""
"45392",""
"45392",""
"45394",""
"45410",""
"45412","RT Aur"
"45415",""
"45416",""
"45418",""
"45433",""
"45466",""
"45542",""
"45546",""
"45557",""
"45572",""
"45669",""
"45725",""
"45726",""
"45727",""
"45765",""
"45813",""
"45866",""
"45871",""
"45976",""
"45984",""
"46031",""
"46052","WW Aur"
"46089",""
"46101",""
"46116",""
"46136",""
"46184",""
"46189",""
"46229",""
"46241",""
"46273",""
"46300",""
"46304",""
"46328",""
"46349",""
"46355",""
"46374",""
"46431","SX Col"
"46480",""
"46487",""
"46509",""
"46547",""
"46553",""
"46568",""
"46569",""
"46588",""
"46590",""
"46642",""
"46687","UU Aur"
"46709",""
"46769",""
"46781",""
"46815",""
"46860",""
"46933",""
"46936",""
"47054",""
"47070",""
"47100",""
"47105","Alhena"
"47129","V640 Mon"
"47138",""
"47144",""
"47152",""
"47174",""
"47182",""
"47205",""
"47306",""
"47395",""
"47442",""
"47500",""
"47536",""
"47575",""
"47667",""
"47670",""
"47731",""
"47839","S Mon"
"47914",""
"47946",""
"47964",""
"47973",""
"48097",""
"48217",""
"48250",""
"48329","Mebsuta"
"48432",""
"48433",""
"48434",""
"48450",""
"48682",""
"48737",""
"48781",""
"48843",""
"48879",""
"48915","Sirius"
"48917","FT CMa"
"48977",""
"49048",""
"49095",""
"49131","HP CMa"
"49147",""
"49161",""
"49229",""
"49293",""
"49331",""
"49333","HK CMa"
"49336","V339 Pup"
"49340",""
"49380","IS Gem"
"49434",""
"49517",""
"49520",""
"49591",""
"49606","OV Gem"
"49618",""
"49643",""
"49662",""
"49689",""
"49738",""
"49877",""
"49878",""
"49908",""
"49933",""
"49968",""
"49976","V592 Mon"
"49980",""
"50013",""
"50018","OX Aur"
"50019",""
"50037",""
"50123",""
"50204",""
"50223",""
"50223",""
"50235",""
"50241",""
"50277",""
"50310",""
"50337","V415 Car"
"50420","V352 Aur"
"50445",""
"50506",""
"50522",""
"50635",""
"50644",""
"50658",""
"50692",""
"50707","EY CMa"
"50747",""
"50763",""
"50778",""
"50877",""
"50885",""
"50896","EZ CMa"
"50973",""
"51000",""
"51055",""
"51104",""
"51199",""
"51208","NP Pup"
"51250",""
"51283",""
"51309",""
"51440",""
"51530",""
"51557",""
"51630","HH CMa"
"51688",""
"51733",""
"51799",""
"51802","OV Cep"
"51814",""
"52005",""
"52018",""
"52089","Adhara"
"52092",""
"52312",""
"52437","FU CMa"
"52497",""
"52554","NP Gem"
"52556",""
"52609",""
"52666",""
"52670",""
"52711",""
"52877",""
"52913",""
"52918","V637 Mon"
"52960",""
"52973","Mekbuda"
"53047",""
"53138",""
"53208",""
"53244","Muliphein"
"53257",""
"53329",""
"53501",""
"53510",""
"53633",""
"53686",""
"53704",""
"53705",""
"53755","V569 Mon"
"53791","R Gem"
"53811",""
"53921",""
"53974","FN CMa"
"54079",""
"54118","V386 Car"
"54131",""
"54239",""
"54309","FV CMa"
"54475",""
"54605","Wezen"
"54716",""
"54719",""
"54732",""
"54801",""
"54810",""
"54893",""
"54895","UY Lyn"
"54912",""
"55052",""
"55057","V571 Mon"
"55070",""
"55156",""
"55185",""
"55280",""
"55344",""
"55383","BQ Gem"
"55522",""
"55526",""
"55575",""
"55589",""
"55595","HN CMa"
"55621",""
"55719",""
"55730",""
"55751",""
"55762",""
"55775",""
"55832",""
"55857","GY CMa"
"55864",""
"55865",""
"55866",""
"55870",""
"55879",""
"55892","QW Pup"
"55958","GG CMa"
"55966","VZ Cam"
"56003",""
"56014","EW CMa"
"56022","OU Pup"
"56031",""
"56096","L2 Pup"
"56139",""
"56160",""
"56169",""
"56207",""
"56221",""
"56342",""
"56405",""
"56410",""
"56455","PR Pup"
"56456",""
"56537",""
"56577",""
"56578",""
"56618",""
"56705",""
"56733",""
"56779",""
"56813",""
"56820",""
"56855",""
"56963",""
"56986","Wasat"
"56989",""
"57006",""
"57060","UW CMa"
"57061",""
"57066",""
"57102",""
"57103",""
"57146",""
"57150","NV Pup"
"57167","R CMa"
"57197",""
"57219","NW Pup"
"57240",""
"57264",""
"57423",""
"57478",""
"57593","HQ CMa"
"57608",""
"57615",""
"57623",""
"57646",""
"57669",""
"57727",""
"57744",""
"57749",""
"57821",""
"57888",""
"57917",""
"57927",""
"58050","OT Gem"
"58142",""
"58155",""
"58187",""
"58207",""
"58215",""
"58286",""
"58343","FW CMa"
"58350","Aludra"
"58367",""
"58425",""
"58461",""
"58526",""
"58535",""
"58579",""
"58612",""
"58661",""
"58715","Gomeisa"
"58728",""
"58855",""
"58923",""
"58946",""
"58954",""
"58972",""
"58978","FY CMa"
"59026",""
"59037",""
"59067",""
"59136",""
"59148",""
"59219",""
"59256",""
"59294",""
"59311",""
"59380",""
"59381",""
"59550",""
"59612",""
"59635",""
"59686",""
"59693",""
"59717",""
"59881",""
"59890",""
"59984",""
"60060",""
"60107",""
"60111",""
"60168","PS Pup"
"60178",""
"60179","Castor"
"60228",""
"60294",""
"60318",""
"60341",""
"60345",""
"60357",""
"60414","KQ Pup"
"60437",""
"60522",""
"60532",""
"60584",""
"60585",""
"60606","OW Pup"
"60652",""
"60666",""
"60803",""
"60816",""
"60855",""
"60863",""
"60986",""
"61064",""
"61068","PT Pup"
"61106",""
"61110",""
"61248",""
"61294",""
"61330",""
"61338",""
"61363",""
"61391",""
"61421","Procyon"
"61429","PU Pup"
"61497",""
"61555",""
"61556",""
"61603",""
"61641",""
"61715","MY Pup"
"61772",""
"61774",""
"61831",""
"61878",""
"61885",""
"61887",""
"61899",""
"61913","NZ Gem"
"61925",""
"61931",""
"61935",""
"61966","V390 Car"
"62044",""
"62058","R Pup"
"62066",""
"62140","BC Cam"
"62226",""
"62285",""
"62345",""
"62412",""
"62437","AZ CMi"
"62509","Pollux"
"62510",""
"62576",""
"62578",""
"62623",""
"62644",""
"62647",""
"62713",""
"62721",""
"62747",""
"62781",""
"62832",""
"62863","PV Pup"
"62864",""
"62893",""
"62898",""
"62902",""
"62952",""
"63032",""
"63077",""
"63208",""
"63215",""
"63271",""
"63295",""
"63302","QY Pup"
"63336",""
"63401","OX Pup"
"63462",""
"63465",""
"63578",""
"63640","T Pup"
"63660",""
"63697",""
"63697",""
"63700",""
"63744",""
"63752",""
"63786",""
"63852",""
"63922",""
"63949","QS Pup"
"63975",""
"64052","BC CMi"
"64067",""
"64077",""
"64096",""
"64106",""
"64144",""
"64145",""
"64152",""
"64185",""
"64225",""
"64235",""
"64238",""
"64307",""
"64365","QU Pup"
"64379",""
"64440",""
"64484",""
"64486",""
"64503","QZ Pup"
"64572",""
"64648",""
"64685",""
"64722","V372 Car"
"64740",""
"64760",""
"64802",""
"64960",""
"65183","PX Pup"
"65228",""
"65273",""
"65301",""
"65339","AX Cam"
"65345",""
"65456",""
"65460",""
"65551",""
"65575",""
"65626","AE Lyn"
"65662",""
"65685",""
"65695",""
"65699",""
"65714",""
"65750","V341 Car"
"65759",""
"65810",""
"65818","V Pup"
"65856",""
"65873",""
"65900",""
"65904",""
"65907",""
"65925",""
"65953","V645 Mon"
"66141",""
"66194","V374 Car"
"66210",""
"66216",""
"66255","PY Pup"
"66342",""
"66358",""
"66441",""
"66591",""
"66598",""
"66624","V336 Pup"
"66664",""
"66811","Naos"
"66824",""
"66834",""
"66875","BL Cnc"
"66888","MZ Pup"
"67006",""
"67224",""
"67228",""
"67249",""
"67364",""
"67447",""
"67456",""
"67483",""
"67523","Tureis"
"67536","V375 Car"
"67582",""
"67594",""
"67690",""
"67767",""
"67797",""
"67880",""
"67888","PQ Pup"
"68077",""
"68146",""
"68161",""
"68217",""
"68243",""
"68255",""
"68256",""
"68257","Tegmine"
"68273",""
"68290",""
"68312",""
"68324","IS Vel"
"68351","BM Cnc"
"68375",""
"68434",""
"68456",""
"68457",""
"68520",""
"68553","NS Pup"
"68601",""
"68657",""
"68752",""
"68808","AH Vel"
"68930",""
"68951",""
"68980","MX Pup"
"69081","OS Pup"
"69123",""
"69142",""
"69144",""
"69148",""
"69194",""
"69243","R Cnc"
"69267",""
"69302",""
"69548",""
"69665",""
"69830",""
"69863",""
"69897",""
"69994",""
"69997","HQ Hya"
"70002",""
"70011",""
"70060",""
"70272",""
"70313",""
"70442",""
"70514",""
"70523",""
"70555",""
"70556",""
"70569",""
"70652",""
"70673",""
"70734",""
"70761",""
"70839",""
"70930",""
"70958",""
"71030",""
"71043",""
"71046",""
"71066",""
"71088",""
"71093",""
"71095",""
"71115",""
"71115",""
"71129","Avior"
"71141",""
"71150",""
"71151",""
"71152",""
"71153",""
"71155",""
"71176",""
"71196",""
"71243",""
"71250","BP Cnc"
"71267",""
"71297","LM Hya"
"71302",""
"71369","Muscida"
"71377",""
"71459",""
"71487","NO Pup"
"71496","CX Cnc"
"71510",""
"71555",""
"71576",""
"71581","VV Pyx"
"71663","LO Hya"
"71701",""
"71766",""
"71801",""
"71863",""
"71878",""
"71935","GU Vel"
"72037",""
"72041",""
"72067",""
"72094",""
"72108",""
"72184",""
"72227",""
"72232",""
"72291",""
"72292",""
"72310",""
"72324",""
"72337",""
"72359",""
"72524",""
"72561",""
"72660",""
"72688","VX Pyx"
"72779",""
"72832",""
"72905",""
"72922",""
"72945",""
"72968","HV Hya"
"73017",""
"73072",""
"73108",""
"73143",""
"73155",""
"73171",""
"73192",""
"73262",""
"73316",""
"73340","HV Vel"
"73389",""
"73390",""
"73471",""
"73495",""
"73575",""
"73593",""
"73634",""
"73665",""
"73666",""
"73731",""
"73752",""
"73785",""
"73840",""
"73887",""
"73898",""
"74006",""
"74067",""
"74071","HW Vel"
"74137",""
"74146",""
"74167",""
"74180",""
"74195","o Vel"
"74196",""
"74198","Asellus Borealis"
"74228",""
"74272",""
"74273",""
"74280",""
"74371",""
"74375","V343 Car"
"74395",""
"74405",""
"74442","Asellus Australis"
"74455","HX Vel"
"74485",""
"74521","BI Cnc"
"74535","KT Vel"
"74560","HY Vel"
"74575",""
"74591",""
"74738",""
"74739",""
"74753",""
"74772",""
"74794",""
"74824",""
"74873",""
"74874",""
"74918",""
"74956",""
"74988",""
"75063",""
"75137",""
"75149",""
"75276",""
"75311","V344 Car"
"75333","KX Hya"
"75416",""
"75486",""
"75506",""
"75523",""
"75528",""
"75556",""
"75558",""
"75605",""
"75629",""
"75630",""
"75654","HZ Vel"
"75691",""
"75698",""
"75710",""
"75716","BO Cnc"
"75732","Copernicus"
"75737",""
"75747","RS Cha"
"75759",""
"75821",""
"75925",""
"75958",""
"75959",""
"76110",""
"76113",""
"76143",""
"76161",""
"76219",""
"76221","X Cnc"
"76236",""
"76291",""
"76292",""
"76294",""
"76346",""
"76351",""
"76360",""
"76369",""
"76370",""
"76376",""
"76398",""
"76483",""
"76538",""
"76543",""
"76566","IY Vel"
"76572",""
"76579",""
"76582",""
"76644","Talitha"
"76653",""
"76728",""
"76756","Acubens"
"76805",""
"76813",""
"76827",""
"76932",""
"76943",""
"77002","V376 Car"
"77020",""
"77104",""
"77140","FZ Vel"
"77190",""
"77258",""
"77309",""
"77320","IU Vel"
"77327",""
"77350",""
"77353",""
"77370",""
"77445",""
"77475","IZ Vel"
"77557",""
"77601",""
"77615",""
"77653",""
"77800",""
"77887",""
"77912",""
"77996",""
"78004",""
"78045",""
"78154",""
"78209",""
"78235",""
"78316",""
"78347",""
"78362",""
"78366",""
"78418",""
"78515",""
"78541",""
"78556",""
"78647","Suhail"
"78668",""
"78702",""
"78712","RS Cnc"
"78715",""
"78732",""
"78764","V345 Car"
"78791",""
"78922",""
"78935",""
"79009",""
"79028",""
"79096",""
"79158",""
"79181",""
"79186","GX Vel"
"79193","KW Hya"
"79241",""
"79275",""
"79351","V357 Car"
"79354",""
"79416","KL Vel"
"79439","DD UMa"
"79447",""
"79452",""
"79469",""
"79554",""
"79621",""
"79694",""
"79698",""
"79735",""
"79763",""
"79807",""
"79837",""
"79846",""
"79910",""
"79917",""
"79931",""
"79940",""
"80007","Miaplacidus"
"80050",""
"80081",""
"80094",""
"80105",""
"80108",""
"80170",""
"80218",""
"80230",""
"80290",""
"80390","CG UMa"
"80404","Aspidiske"
"80456",""
"80479",""
"80493",""
"80499",""
"80558",""
"80586",""
"80671",""
"80874",""
"80950",""
"80951",""
"81009","KU Hya"
"81034",""
"81101",""
"81136",""
"81146",""
"81157",""
"81169",""
"81188",""
"81420",""
"81567",""
"81613",""
"81688","Intercrus"
"81728",""
"81797","Alphard"
"81799",""
"81809",""
"81817",""
"81830",""
"81848",""
"81858",""
"81873",""
"81937",""
"81997",""
"82077",""
"82087",""
"82150",""
"82189",""
"82198",""
"82205",""
"82210","DK UMa"
"82232",""
"82308",""
"82328",""
"82347",""
"82350",""
"82381",""
"82383",""
"82384",""
"82395",""
"82406",""
"82419",""
"82434",""
"82446",""
"82513",""
"82514",""
"82522",""
"82536",""
"82554",""
"82573",""
"82610","S Ant"
"82621",""
"82635","SU LMi"
"82660",""
"82668","N Vel"
"82694",""
"82734",""
"82741",""
"82747",""
"82870",""
"82885","SV LMi"
"82901","R Car"
"83023",""
"83058",""
"83069",""
"83095",""
"83126",""
"83183",""
"83189",""
"83240",""
"83273",""
"83287",""
"83332",""
"83343",""
"83368","IM Vel"
"83373",""
"83380",""
"83425",""
"83441",""
"83446",""
"83489",""
"83506",""
"83520",""
"83548",""
"83618",""
"83650",""
"83754",""
"83787","DR Leo"
"83805",""
"83808","Subra"
"83821",""
"83944",""
"83951",""
"83953",""
"83979",""
"84107",""
"84117",""
"84121",""
"84152",""
"84179",""
"84194",""
"84228",""
"84335","CS UMa"
"84367",""
"84400","IP Vel"
"84441",""
"84453",""
"84461",""
"84542",""
"84561",""
"84607",""
"84722",""
"84737",""
"84748","R Leo"
"84810","l Car"
"84816",""
"84999",""
"85029",""
"85040","DG Leo"
"85123",""
"85124",""
"85206",""
"85217",""
"85235",""
"85268",""
"85355",""
"85364",""
"85376",""
"85396",""
"85444",""
"85483",""
"85503","Rasalas"
"85504",""
"85558",""
"85563",""
"85622",""
"85655",""
"85656",""
"85709",""
"85762",""
"85795","SY UMa"
"85841",""
"85859",""
"85945",""
"85951",""
"85953",""
"85980",""
"86012",""
"86080",""
"86087",""
"86146",""
"86267",""
"86360",""
"86378",""
"86440",""
"86466","IV Vel"
"86513",""
"86611",""
"86629",""
"86655",""
"86663",""
"86728",""
"87015",""
"87141",""
"87283",""
"87301",""
"87427",""
"87504",""
"87682",""
"87696",""
"87737",""
"87783",""
"87808",""
"87816","R Vel"
"87837",""
"87887",""
"87901","Regulus"
"87971",""
"88195",""
"88206",""
"88215",""
"88231",""
"88284",""
"88323",""
"88333",""
"88351",""
"88355",""
"88366","S Car"
"88399",""
"88473",""
"88547",""
"88647","V368 Car"
"88651","U UMa"
"88661","QY Car"
"88697",""
"88764",""
"88786",""
"88809",""
"88824",""
"88842",""
"88955",""
"88960",""
"88981",""
"88983",""
"88986",""
"89010",""
"89021","Tania Borealis"
"89024",""
"89025","Adhafera"
"89056",""
"89062",""
"89080",""
"89125",""
"89254",""
"89273","GY Vel"
"89343",""
"89353","AG Ant"
"89388","V337 Car"
"89449",""
"89461",""
"89484","Algieba"
"89485",""
"89569",""
"89571",""
"89682","GZ Vel"
"89688","RS Sex"
"89736",""
"89744",""
"89758","Tania Australis"
"89774",""
"89822",""
"89890",""
"89904",""
"89962",""
"89998",""
"90040",""
"90044","SS Sex"
"90089",""
"90132",""
"90250",""
"90254","DE Leo"
"90264",""
"90277",""
"90362",""
"90432",""
"90454",""
"90473",""
"90485",""
"90537",""
"90569","CX Leo"
"90589",""
"90610",""
"90633",""
"90677",""
"90772","V399 Car"
"90839",""
"90840",""
"90853",""
"90874",""
"90882",""
"90957",""
"90972",""
"90994",""
"91011",""
"91056",""
"91120",""
"91130",""
"91190",""
"91232",""
"91312",""
"91316",""
"91324",""
"91355",""
"91356",""
"91365",""
"91369",""
"91375",""
"91437",""
"91465","PP Car"
"91480",""
"91496",""
"91504",""
"91550",""
"91612",""
"91619","V369 Car"
"91636","TX Leo"
"91752",""
"91793","U Ant"
"91880",""
"91889",""
"91942",""
"92000",""
"92036",""
"92055","U Hya"
"92063",""
"92095",""
"92125",""
"92139",""
"92168",""
"92207","V370 Car"
"92214",""
"92287",""
"92305",""
"92354",""
"92397",""
"92424",""
"92449",""
"92449",""
"92523",""
"92588",""
"92620","RX LMi"
"92664","V364 Car"
"92728",""
"92749",""
"92763",""
"92769",""
"92787",""
"92825",""
"92839","VY UMa"
"92841",""
"92845",""
"92938",""
"92964",""
"93030",""
"93070",""
"93075",""
"93102",""
"93132",""
"93152",""
"93163",""
"93194",""
"93237",""
"93244",""
"93257",""
"93291",""
"93308",""
"93397",""
"93497",""
"93540",""
"93549",""
"93563",""
"93607",""
"93636",""
"93655",""
"93657",""
"93702",""
"93742",""
"93765",""
"93779",""
"93813",""
"93833",""
"93845",""
"93859",""
"93875",""
"93903",""
"93905",""
"94014",""
"94132",""
"94247",""
"94264",""
"94334",""
"94367",""
"94388",""
"94402",""
"94480",""
"94481",""
"94497",""
"94510",""
"94600",""
"94601",""
"94602",""
"94660","KQ Vel"
"94672",""
"94683",""
"94705","VY Leo"
"94747",""
"94776","T Car"
"94890",""
"94985","IW Vel"
"95109","U Car"
"95128","Chalawan"
"95212",""
"95221",""
"95234",""
"95272","Alkes"
"95310",""
"95314",""
"95345",""
"95347",""
"95370",""
"95382",""
"95418","Merak"
"95578",""
"95608",""
"95689","Dubhe"
"95735",""
"95808",""
"95849",""
"95934",""
"96094",""
"96097",""
"96113",""
"96124",""
"96146",""
"96202",""
"96314",""
"96418",""
"96436",""
"96528",""
"96566",""
"96616","V815 Cen"
"96706",""
"96738",""
"96813","CO UMa"
"96819",""
"96833",""
"96834",""
"96918","V382 Car"
"96919","V371 Car"
"97023",""
"97277",""
"97411",""
"97495",""
"97534",""
"97576",""
"97583",""
"97585",""
"97603","Zosma"
"97605",""
"97633","Chertan"
"97651",""
"97670",""
"97778",""
"97907",""
"97989",""
"98058",""
"98088","SV Crt"
"98118",""
"98230",""
"98231","Alula Australis"
"98262","Alula Borealis"
"98353",""
"98366",""
"98430",""
"98560",""
"98664",""
"98718",""
"98824",""
"98839",""
"98991",""
"98993",""
"99022",""
"99028",""
"99055",""
"99103",""
"99104",""
"99167",""
"99196",""
"99211",""
"99264",""
"99283",""
"99285",""
"99322",""
"99329",""
"99333",""
"99453",""
"99453",""
"99491",""
"99556",""
"99564",""
"99574",""
"99648",""
"99747",""
"99787",""
"99803",""
"99902",""
"99922",""
"99967","EE UMa"
"99984",""
"99998",""
"100006",""
"100029",""
"100180",""
"100198","V809 Cen"
"100203",""
"100261",""
"100262",""
"100286",""
"100287",""
"100343",""
"100378",""
"100382",""
"100393",""
"100407",""
"100493",""
"100563",""
"100600",""
"100615",""
"100623",""
"100673",""
"100696",""
"100708",""
"100733","V763 Cen"
"100808",""
"100825",""
"100841",""
"100889",""
"100893",""
"100920",""
"100929",""
"101021",""
"101067",""
"101107",""
"101132",""
"101133",""
"101153",""
"101162",""
"101189",""
"101198",""
"101379","GT Mus"
"101431",""
"101484",""
"101501",""
"101541",""
"101570",""
"101606",""
"101615",""
"101666",""
"101673",""
"101883",""
"101947","V810 Cen"
"102070",""
"102124",""
"102212",""
"102224",""
"102232",""
"102249",""
"102328",""
"102350",""
"102365",""
"102461",""
"102509","DQ Leo"
"102510",""
"102584",""
"102590",""
"102620","II Hya"
"102647","Denebola"
"102713",""
"102776",""
"102839",""
"102870","Zavijava"
"102878",""
"102928",""
"102964",""
"103026",""
"103056",""
"103079",""
"103095","CF UMa"
"103101",""
"103192",""
"103287","Phecda"
"103462",""
"103483","DN UMa"
"103484",""
"103498",""
"103516",""
"103578",""
"103596",""
"103605",""
"103632",""
"103789","LV Hya"
"103884",""
"103961",""
"104035",""
"104075",""
"104132",""
"104174",""
"104181",""
"104304",""
"104321",""
"104337",""
"104438",""
"104452",""
"104513","DP UMa"
"104600",""
"104671",""
"104731",""
"104747",""
"104827",""
"104841",""
"104878",""
"104902",""
"104933",""
"104979",""
"104985","Tonatiuh"
"105211",""
"105340",""
"105382",""
"105416",""
"105435",""
"105452","Alchiba"
"105509","V788 Cen"
"105521","V817 Cen"
"105639",""
"105702",""
"105707",""
"105778",""
"105805",""
"105850",""
"105937",""
"105943",""
"105981",""
"106002",""
"106057",""
"106068",""
"106111","S Mus"
"106112",""
"106221",""
"106231",""
"106251",""
"106321",""
"106478",""
"106485",""
"106490",""
"106574",""
"106591","Megrez"
"106625","Gienah"
"106661",""
"106677","DK Dra"
"106690",""
"106714",""
"106760",""
"106849",""
"106884",""
"106887",""
"106911",""
"106927",""
"106927",""
"106983",""
"107070",""
"107079",""
"107131","FM Com"
"107168",""
"107193",""
"107199",""
"107213",""
"107259","Zaniah"
"107274",""
"107276",""
"107295",""
"107325",""
"107328",""
"107348",""
"107383",""
"107418",""
"107446",""
"107465",""
"107543",""
"107566",""
"107567",""
"107696",""
"107700",""
"107705",""
"107815",""
"107832",""
"107860",""
"107904","AI CVn"
"107950",""
"107966","GN Com"
"108107",""
"108114",""
"108135",""
"108225",""
"108248","Acrux"
"108249",""
"108250",""
"108257",""
"108283",""
"108323",""
"108346",""
"108381",""
"108382",""
"108396","BL Cru"
"108483",""
"108502",""
"108506","FT Vir"
"108541",""
"108651",""
"108662","AI Com"
"108722",""
"108732",""
"108765",""
"108767","Algorab"
"108821",""
"108844",""
"108845",""
"108861",""
"108903","Gacrux"
"108907","CQ Dra"
"108925",""
"108945","UU Com"
"108968","BG Cru"
"108970",""
"109000",""
"109026",""
"109085",""
"109141",""
"109217",""
"109272",""
"109307",""
"109309",""
"109317",""
"109358","Chara"
"109372",""
"109379",""
"109387",""
"109409",""
"109485",""
"109510",""
"109511",""
"109519",""
"109536",""
"109551",""
"109573",""
"109573",""
"109585","TU Crv"
"109668",""
"109704",""
"109729","T UMa"
"109742",""
"109787",""
"109799",""
"109896","FW Vir"
"109914","R Vir"
"109931",""
"109960",""
"109980",""
"110014",""
"110020","FH Mus"
"110024",""
"110066","AX CVn"
"110073",""
"110287",""
"110304",""
"110311","R Mus"
"110317",""
"110318",""
"110335",""
"110377","GG Vir"
"110379","Porrima"
"110380",""
"110411",""
"110418",""
"110423",""
"110432","BZ Cru"
"110458",""
"110462",""
"110506",""
"110646",""
"110666",""
"110829",""
"110879",""
"110897",""
"110914","Y CVn"
"110951","FM Vir"
"110956",""
"111028",""
"111032",""
"111067",""
"111123","Mimosa"
"111133","EP Vir"
"111164",""
"111166",""
"111239",""
"111270",""
"111295",""
"111308",""
"111315",""
"111335",""
"111397",""
"111421",""
"111456",""
"111469",""
"111482",""
"111588",""
"111597",""
"111604",""
"111613",""
"111685","Barnard's"
"111765",""
"111774",""
"111812",""
"111862",""
"111884",""
"111904",""
"111915",""
"111968",""
"111973",""
"111998",""
"112014",""
"112028",""
"112033",""
"112044","S Cru"
"112078",""
"112091",""
"112092",""
"112097",""
"112131",""
"112142",""
"112164",""
"112185","Alioth"
"112213",""
"112219",""
"112244",""
"112264","TU CVn"
"112300",""
"112374","LN Hya"
"112409",""
"112412",""
"112413","Cor Caroli"
"112429",""
"112559",""
"112769",""
"112846",""
"112985",""
"112989",""
"112992",""
"113049",""
"113092",""
"113095",""
"113120",""
"113139",""
"113226","Vindemiatrix"
"113314",""
"113459",""
"113523","V789 Cen"
"113703",""
"113778",""
"113778",""
"113791",""
"113797",""
"113847",""
"113848",""
"113852",""
"113866","FS Com"
"113902",""
"113904",""
"113955",""
"113996",""
"114038",""
"114113",""
"114149",""
"114256",""
"114287",""
"114326",""
"114330",""
"114365","V824 Cen"
"114371",""
"114376",""
"114378",""
"114379",""
"114435",""
"114447",""
"114474",""
"114529","V831 Cen"
"114533",""
"114570",""
"114613",""
"114642",""
"114642",""
"114710",""
"114772",""
"114780",""
"114835",""
"114837",""
"114846",""
"114911",""
"114946",""
"114971",""
"115004",""
"115046",""
"115062",""
"115202",""
"115211",""
"115271",""
"115308","DK Vir"
"115310",""
"115331",""
"115383",""
"115478",""
"115521",""
"115604","AO CVn"
"115617",""
"115659",""
"115723",""
"115735","BK CVn"
"115823",""
"115892",""
"115903",""
"115912",""
"116010",""
"116072","V790 Cen"
"116084",""
"116087",""
"116160",""
"116235",""
"116243",""
"116244",""
"116292",""
"116365",""
"116457",""
"116458",""
"116568",""
"116579",""
"116656","Mizar"
"116657",""
"116658","Spica"
"116706",""
"116713",""
"116831",""
"116835",""
"116842","Alcor"
"116870",""
"116890","EZ Mus"
"116957",""
"116968",""
"116976",""
"117150",""
"117176",""
"117187",""
"117187",""
"117287","R Hya"
"117304",""
"117360","S Cha"
"117374",""
"117374",""
"117376",""
"117436",""
"117440",""
"117566",""
"117661","HX Vir"
"117675",""
"117716",""
"117789",""
"117818",""
"117833","S Vir"
"117878",""
"118022","CW Vir"
"118054",""
"118098",""
"118214",""
"118216","BH CVn"
"118219",""
"118232",""
"118261",""
"118338",""
"118349",""
"118354",""
"118508",""
"118623",""
"118646",""
"118666",""
"118716",""
"118767","V744 Cen"
"118781","V765 Cen"
"118799",""
"118889",""
"118904",""
"118978",""
"118991",""
"119024",""
"119055",""
"119090","T Cen"
"119126",""
"119149",""
"119159",""
"119213","CQ UMa"
"119228",""
"119250",""
"119361",""
"119419","V827 Cen"
"119425",""
"119458",""
"119476",""
"119605",""
"119634",""
"119752",""
"119756",""
"119786",""
"119796","V766 Cen"
"119834",""
"119853",""
"119921",""
"119938",""
"119971",""
"120047",""
"120048",""
"120052",""
"120064",""
"120084",""
"120136",""
"120164",""
"120198","CR UMa"
"120213",""
"120307",""
"120315","Alkaid"
"120323","V806 Cen"
"120324",""
"120404",""
"120420",""
"120452",""
"120477",""
"120499","R CVn"
"120539",""
"120565",""
"120640",""
"120642",""
"120709",""
"120710",""
"120787",""
"120819",""
"120908",""
"120913",""
"120933","AW CVn"
"120955",""
"120987",""
"120991","V767 Cen"
"121107",""
"121130","CU Dra"
"121164",""
"121190",""
"121263",""
"121299",""
"121370","Muphrid"
"121409",""
"121416",""
"121474",""
"121607",""
"121710",""
"121743",""
"121790",""
"121847",""
"121853",""
"121932",""
"121946",""
"121996",""
"122066",""
"122223",""
"122250",""
"122365",""
"122405",""
"122408",""
"122430",""
"122438",""
"122451","Hadar"
"122532","V828 Cen"
"122980",""
"123123",""
"123139","Menkent"
"123177",""
"123255",""
"123299","Thuban"
"123515",""
"123569",""
"123630",""
"123657","BY Boo"
"123782","CF Boo"
"123934","ET Vir"
"123998",""
"123999",""
"124063",""
"124147",""
"124195","V716 Cen"
"124206",""
"124224","CU Vir"
"124294",""
"124367","V795 Cen"
"124425",""
"124433",""
"124471",""
"124547",""
"124570",""
"124601","R Cen"
"124674",""
"124675",""
"124679",""
"124681","FS Vir"
"124683",""
"124730",""
"124771",""
"124850","Syrma"
"124882",""
"124897","Arcturus"
"124953","CN Boo"
"125158",""
"125161",""
"125162",""
"125180",""
"125238",""
"125248","CS Vir"
"125276",""
"125283",""
"125288",""
"125337",""
"125351",""
"125383",""
"125442",""
"125451",""
"125454",""
"125473",""
"125560",""
"125628",""
"125745",""
"125823","V761 Cen"
"125835",""
"125869",""
"125932",""
"126035",""
"126129",""
"126200",""
"126218",""
"126241",""
"126248",""
"126341",""
"126354",""
"126504",""
"126660",""
"126661",""
"126722",""
"126769",""
"126862",""
"126868",""
"126927",""
"126981",""
"126983",""
"127167",""
"127193",""
"127243",""
"127297","V Cen"
"127381",""
"127486",""
"127501",""
"127665",""
"127700",""
"127739",""
"127762","Seginus"
"127971",""
"127972",""
"127986","CP Boo"
"128000",""
"128068",""
"128167",""
"128167",""
"128207",""
"128266",""
"128333","CH Boo"
"128345",""
"128609",""
"128620","Rigil Kentaurus"
"128621",""
"128750",""
"128898",""
"128902",""
"128974",""
"128998",""
"129002",""
"129056",""
"129078",""
"129116",""
"129153",""
"129174",""
"129175",""
"129246",""
"129247",""
"129252",""
"129312",""
"129336",""
"129422",""
"129433",""
"129456",""
"129502",""
"129557","BU Cir"
"129685",""
"129712","W Boo"
"129723","BP Oct"
"129798","DL Dra"
"129846",""
"129858",""
"129893",""
"129926",""
"129944",""
"129954",""
"129956",""
"129972",""
"129978",""
"129988",""
"129989","Izar"
"130055",""
"130109",""
"130144",""
"130158",""
"130259",""
"130274",""
"130328","V768 Cen"
"130458",""
"130529",""
"130559",""
"130650",""
"130694",""
"130701","AX Cir"
"130807",""
"130819",""
"130841","Zubenelgenubi"
"130917",""
"130945","Merga"
"130948",""
"130952",""
"131041",""
"131058",""
"131109","R Aps"
"131111",""
"131120",""
"131156",""
"131246",""
"131342",""
"131425",""
"131430",""
"131432",""
"131492",""
"131507",""
"131530",""
"131562",""
"131596",""
"131625",""
"131657",""
"131873","Kochab"
"131918",""
"131951",""
"131977",""
"132052",""
"132058",""
"132132",""
"132146",""
"132200",""
"132219",""
"132230",""
"132254",""
"132345",""
"132525",""
"132604",""
"132742",""
"132772",""
"132813","RR UMi"
"132833",""
"132851",""
"132905",""
"132933",""
"132955",""
"133002",""
"133029","BX Boo"
"133086",""
"133124",""
"133165",""
"133208","Nekkar"
"133216",""
"133220","GM Lup"
"133242",""
"133243",""
"133340",""
"133388",""
"133392",""
"133582",""
"133621",""
"133631",""
"133640","i Boo"
"133652",""
"133683",""
"133774",""
"133800",""
"133880","HR Lup"
"133937",""
"133955",""
"133962",""
"134022",""
"134083",""
"134190",""
"134255",""
"134270",""
"134320",""
"134335",""
"134373",""
"134453","X TrA"
"134481",""
"134482",""
"134505",""
"134687",""
"134759",""
"134877",""
"134943","FL Ser"
"134967",""
"134987",""
"135051",""
"135153",""
"135160",""
"135230",""
"135235",""
"135240",""
"135291",""
"135345",""
"135379",""
"135382",""
"135438",""
"135482",""
"135502",""
"135534",""
"135559",""
"135591",""
"135722",""
"135734",""
"135742","Zubeneschamali"
"135758",""
"135876","GG Lup"
"136028",""
"136064",""
"136138",""
"136202","MQ Ser"
"136298",""
"136351",""
"136352",""
"136359",""
"136366",""
"136407",""
"136415",""
"136422",""
"136479",""
"136504",""
"136512",""
"136514",""
"136664",""
"136672",""
"136726",""
"136729",""
"136753",""
"136801",""
"136831",""
"136849",""
"136933",""
"136933",""
"136951",""
"136956",""
"137006",""
"137052",""
"137058",""
"137066",""
"137071",""
"137107",""
"137108",""
"137333",""
"137387",""
"137389",""
"137391","Alkalurops"
"137392",""
"137422","Pherkad"
"137432",""
"137443",""
"137471",""
"137686",""
"137704",""
"137709",""
"137744",""
"137759","Edasich"
"137898",""
"137909","Nusakan"
"137949",""
"138137",""
"138265",""
"138413",""
"138481",""
"138485",""
"138505",""
"138527",""
"138538",""
"138562",""
"138629",""
"138688",""
"138690",""
"138716",""
"138749",""
"138764",""
"138769",""
"138800",""
"138816",""
"138852",""
"138867",""
"138905",""
"138917",""
"138918",""
"139006","Alphecca"
"139063",""
"139074",""
"139127",""
"139129",""
"139137",""
"139153",""
"139195",""
"139211",""
"139216",""
"139225",""
"139254",""
"139269",""
"139329",""
"139357",""
"139365",""
"139446",""
"139493",""
"139521",""
"139641",""
"139663",""
"139664",""
"139669",""
"139777",""
"139778",""
"139798",""
"139813",""
"139891",""
"139892",""
"139906",""
"139980",""
"139997",""
"140008",""
"140027",""
"140159",""
"140160",""
"140227",""
"140232",""
"140417",""
"140436",""
"140538",""
"140573","Unukalhai"
"140600",""
"140716",""
"140728","BP Boo"
"140729",""
"140775",""
"140784",""
"140873",""
"141003",""
"141004",""
"141168",""
"141187",""
"141194",""
"141318",""
"141353",""
"141378",""
"141472",""
"141477",""
"141513",""
"141527","R CrB"
"141556",""
"141637",""
"141652",""
"141653",""
"141675",""
"141680",""
"141714",""
"141767",""
"141795",""
"141850","R Ser"
"141851",""
"141891",""
"141992",""
"142049",""
"142091",""
"142096",""
"142105",""
"142114",""
"142139",""
"142165",""
"142184",""
"142198",""
"142267",""
"142301","V927 Sco"
"142373",""
"142378",""
"142445",""
"142500","FP Ser"
"142514",""
"142531",""
"142574",""
"142629",""
"142630",""
"142669",""
"142691",""
"142780",""
"142860",""
"142883",""
"142908",""
"142926",""
"142941","S TrA"
"142980",""
"142983","FX Lib"
"142990","V913 Sco"
"143009",""
"143018",""
"143107",""
"143118",""
"143275","Dschubba"
"143333",""
"143346",""
"143435",""
"143454","T CrB"
"143459",""
"143466","CL Dra"
"143474",""
"143546",""
"143553",""
"143666",""
"143699",""
"143761",""
"143787",""
"143807",""
"143894",""
"143928",""
"144046",""
"144069",""
"144070",""
"144197",""
"144204",""
"144205",""
"144206",""
"144208",""
"144217","Acrab"
"144218",""
"144284",""
"144294",""
"144334","V929 Sco"
"144415",""
"144470",""
"144480",""
"144608",""
"144668","V856 Sco"
"144690",""
"144708",""
"144844",""
"144874",""
"144937",""
"144987",""
"145000",""
"145001",""
"145002","FS Ser"
"145085",""
"145122",""
"145148",""
"145191",""
"145206",""
"145250",""
"145328",""
"145328",""
"145361",""
"145366",""
"145384",""
"145388",""
"145389",""
"145397",""
"145454",""
"145482",""
"145483",""
"145501",""
"145502",""
"145544",""
"145570",""
"145607",""
"145622",""
"145647",""
"145675",""
"145689",""
"145713","LQ Her"
"145782",""
"145838",""
"145842",""
"145849",""
"145892",""
"145897",""
"145931",""
"145958",""
"146003",""
"146051","Yed Prior"
"146143",""
"146233",""
"146279",""
"146323","S Nor"
"146361","TZ CrB"
"146362",""
"146388",""
"146624",""
"146667",""
"146686",""
"146690",""
"146738",""
"146791","Yed Posterior"
"146836",""
"146926",""
"147025",""
"147084",""
"147142",""
"147152",""
"147165",""
"147225",""
"147232","AT Dra"
"147352",""
"147365",""
"147394",""
"147449",""
"147513",""
"147547",""
"147584",""
"147628",""
"147675",""
"147677",""
"147700",""
"147723",""
"147749",""
"147767",""
"147787",""
"147835",""
"147869",""
"147933",""
"147934",""
"147971",""
"147977",""
"148048",""
"148112",""
"148184",""
"148206","U Her"
"148247",""
"148283",""
"148291",""
"148293",""
"148330","DQ Dra"
"148349","V2105 Oph"
"148367",""
"148379","QU Nor"
"148387",""
"148478","Antares"
"148488",""
"148513",""
"148604",""
"148605",""
"148688",""
"148703",""
"148783","g Her"
"148786",""
"148856","Kornephoros"
"148857","Marfik"
"148890",""
"148897",""
"148898",""
"149009",""
"149026","Ogma"
"149038",""
"149081",""
"149121",""
"149141",""
"149161",""
"149212",""
"149303",""
"149324",""
"149404","V918 Sco"
"149420",""
"149438",""
"149447",""
"149630",""
"149650",""
"149661","V2133 Oph"
"149671",""
"149681",""
"149711",""
"149730",""
"149757",""
"149822","V773 Her"
"149886",""
"150030",""
"150100",""
"150117",""
"150118",""
"150136",""
"150168",""
"150331",""
"150378",""
"150379",""
"150416",""
"150449",""
"150450",""
"150453",""
"150549","LP TrA"
"150557",""
"150576",""
"150680",""
"150682",""
"150742",""
"150745",""
"150798","Atria"
"150894",""
"150898",""
"150997",""
"151078",""
"151090",""
"151101",""
"151133",""
"151179",""
"151203",""
"151217",""
"151249",""
"151431",""
"151525","V776 Her"
"151613",""
"151659",""
"151676","V1010 Oph"
"151680",""
"151732","V636 Her"
"151769",""
"151804",""
"151804",""
"151862",""
"151890",""
"151932","V919 Sco"
"151937",""
"151956",""
"151967",""
"151985",""
"152082",""
"152107","V637 Her"
"152127",""
"152173",""
"152234",""
"152235","V900 Sco"
"152236",""
"152276",""
"152293",""
"152308","V823 Her"
"152311",""
"152326",""
"152334",""
"152408",""
"152476",""
"152527",""
"152564",""
"152598",""
"152601",""
"152614",""
"152667","V861 Sco"
"152783",""
"152786",""
"152812",""
"152815",""
"152820",""
"152824",""
"152824",""
"152830","V644 Her"
"152849",""
"152863",""
"152879",""
"152980",""
"153053",""
"153210",""
"153261","V828 Ara"
"153287",""
"153336",""
"153363",""
"153368",""
"153580",""
"153597",""
"153613",""
"153687",""
"153697",""
"153716",""
"153727",""
"153751",""
"153808",""
"153834",""
"153882","V451 Her"
"153890","V923 Sco"
"154029",""
"154084",""
"154090",""
"154143",""
"154228",""
"154310",""
"154356",""
"154417","V2213 Oph"
"154445",""
"154494",""
"154721",""
"154733",""
"154779",""
"154783",""
"154903",""
"154905",""
"154906",""
"154948",""
"155035",""
"155078",""
"155103",""
"155125","Sabik"
"155125",""
"155203",""
"155259",""
"155341","V829 Ara"
"155410",""
"155450",""
"155514","V620 Her"
"155603","V915 Sco"
"155644",""
"155763",""
"155806",""
"155826",""
"155885",""
"155886",""
"156014","Rasalgethi"
"156015",""
"156091",""
"156098",""
"156164","Sarin"
"156190",""
"156247","U Oph"
"156266",""
"156274",""
"156277",""
"156283",""
"156284",""
"156293",""
"156295",""
"156349",""
"156350",""
"156384",""
"156384",""
"156513",""
"156633","u Her"
"156653",""
"156653",""
"156681",""
"156697","V2112 Oph"
"156729",""
"156768",""
"156838",""
"156854",""
"156874",""
"156891",""
"156897",""
"156928",""
"156942",""
"156947","VW Dra"
"156979",""
"157042",""
"157049","V656 Her"
"157056",""
"157087",""
"157097",""
"157198",""
"157214",""
"157236",""
"157243",""
"157244",""
"157246",""
"157325",""
"157457",""
"157482","V819 Her"
"157527",""
"157617",""
"157661",""
"157662",""
"157681",""
"157728",""
"157740",""
"157753",""
"157778",""
"157779",""
"157792",""
"157819",""
"157919",""
"157950",""
"157955",""
"157967","V640 Her"
"157999",""
"158094",""
"158105",""
"158148",""
"158220",""
"158261",""
"158352",""
"158408","Lesath"
"158414",""
"158427",""
"158460",""
"158614",""
"158643",""
"158741","V949 Sco"
"158799",""
"158837",""
"158899","Maasym"
"158926","Shaula"
"158974",""
"158996",""
"159139",""
"159170",""
"159176",""
"159181","Rastaban"
"159217",""
"159332",""
"159353",""
"159354","V642 Her"
"159358",""
"159376","V2125 Oph"
"159433",""
"159463",""
"159480",""
"159492",""
"159501",""
"159532","Sargas"
"159541",""
"159560",""
"159561","Rasalhague"
"159876",""
"159877",""
"159966",""
"159975",""
"160018",""
"160032",""
"160181",""
"160263",""
"160269",""
"160290",""
"160342","V626 Ara"
"160538",""
"160578",""
"160613",""
"160635",""
"160668",""
"160691","Cervantes"
"160720",""
"160762",""
"160781",""
"160910",""
"160915",""
"160922",""
"160928",""
"161074",""
"161096","Cebalrai"
"161178",""
"161239",""
"161270",""
"161321","V624 Her"
"161471",""
"161592","X Sgr"
"161693",""
"161701",""
"161756","V3894 Sgr"
"161783","V539 Ara"
"161797",""
"161814",""
"161832","V826 Her"
"161833",""
"161840",""
"161842",""
"161868",""
"161892",""
"161912",""
"161917",""
"162003",""
"162004",""
"162076",""
"162189",""
"162211",""
"162374","V957 Sco"
"162391",""
"162555",""
"162579",""
"162587",""
"162714","Y Oph"
"162724","V906 Sco"
"162725","V951 Sco"
"162732","V744 Her"
"162774",""
"162917",""
"162978",""
"163145",""
"163217",""
"163318",""
"163336",""
"163376",""
"163472","V2052 Oph"
"163506","V441 Her"
"163532",""
"163547",""
"163588","Grumium"
"163624",""
"163652",""
"163685",""
"163755",""
"163756",""
"163770",""
"163917",""
"163955",""
"163989",""
"163990","OP Her"
"163993",""
"164058","Eltanin"
"164064",""
"164136",""
"164258","V2126 Oph"
"164259",""
"164284","V2048 Oph"
"164349",""
"164353",""
"164358",""
"164402",""
"164429","V771 Her"
"164461",""
"164577",""
"164584",""
"164613",""
"164646",""
"164668",""
"164669",""
"164712",""
"164764",""
"164765",""
"164794",""
"164852","V820 Her"
"164870",""
"164900",""
"164975","W Sgr"
"165024",""
"165040",""
"165135","Alnasl"
"165174","V986 Oph"
"165185",""
"165189",""
"165190",""
"165259",""
"165341",""
"165402",""
"165438",""
"165499",""
"165625",""
"165634",""
"165683",""
"165687",""
"165760",""
"165777",""
"165814","V3792 Sgr"
"165908",""
"166014",""
"166023",""
"166045",""
"166046",""
"166063",""
"166114",""
"166182",""
"166205","Yildun"
"166208",""
"166229",""
"166230",""
"166233",""
"166285",""
"166460",""
"166464",""
"166469","V4045 Sgr"
"166596","V692 CrA"
"166599",""
"166640",""
"166865",""
"166866",""
"166926",""
"166935",""
"166937",""
"166988",""
"167006","V669 Her"
"167036",""
"167042",""
"167096",""
"167128",""
"167263",""
"167264",""
"167468",""
"167570",""
"167618",""
"167647","RS Sgr"
"167714",""
"167720",""
"167747",""
"167818",""
"167965",""
"168151",""
"168339",""
"168387",""
"168415",""
"168454","Kaus Media"
"168532",""
"168574","V4028 Sgr"
"168592",""
"168608","Y Sgr"
"168653",""
"168656",""
"168720",""
"168723",""
"168733","V4050 Sgr"
"168775",""
"168838",""
"168838",""
"168905",""
"168913",""
"168914",""
"169022","Kaus Australis"
"169027",""
"169033",""
"169110",""
"169111",""
"169156",""
"169191",""
"169233",""
"169305",""
"169326",""
"169405",""
"169414",""
"169420",""
"169467",""
"169570",""
"169689",""
"169702",""
"169767",""
"169830",""
"169836",""
"169853",""
"169916","Kaus Borealis"
"169978",""
"169981",""
"169985","d Ser"
"170000",""
"170069",""
"170073",""
"170153",""
"170200",""
"170235","V4031 Sgr"
"170296",""
"170397","V432 Sct"
"170433",""
"170465",""
"170474",""
"170479",""
"170521",""
"170523",""
"170642",""
"170650",""
"170680",""
"170693","Fafnir"
"170740",""
"170764","U Sgr"
"170845",""
"170867",""
"170868",""
"170878",""
"170920",""
"170973","MV Ser"
"170975",""
"171034",""
"171115",""
"171130",""
"171237",""
"171245",""
"171301",""
"171391",""
"171443",""
"171623",""
"171635",""
"171745",""
"171759",""
"171779",""
"171802",""
"171819",""
"171834",""
"171856",""
"171961",""
"171967",""
"171978",""
"172044",""
"172051",""
"172167","Vega"
"172171","X Oph"
"172211",""
"172294",""
"172340",""
"172348",""
"172380","XY Lyr"
"172546",""
"172555",""
"172728",""
"172748",""
"172777",""
"172816","V3879 Sgr"
"172883",""
"172910",""
"172991",""
"173009",""
"173117",""
"173168",""
"173300",""
"173370",""
"173370",""
"173417",""
"173460",""
"173524",""
"173524",""
"173540",""
"173582",""
"173583",""
"173607",""
"173608",""
"173638",""
"173648",""
"173649",""
"173650","V535 Her"
"173654",""
"173667",""
"173715",""
"173764",""
"173780",""
"173791",""
"173819","R Sct"
"173819",""
"173861",""
"173880",""
"173948",""
"174116",""
"174208",""
"174237","CX Dra"
"174262",""
"174295",""
"174309",""
"174325","S Sct"
"174343",""
"174387",""
"174464",""
"174585",""
"174589",""
"174602",""
"174638","Sheliak"
"174664",""
"174694",""
"174853","V822 Her"
"174933",""
"174947",""
"174974",""
"174980",""
"175156",""
"175190",""
"175191","Nunki"
"175219",""
"175225",""
"175286",""
"175306",""
"175317",""
"175329",""
"175360",""
"175362","V686 CrA"
"175401",""
"175426",""
"175443",""
"175492",""
"175510",""
"175515",""
"175535",""
"175588",""
"175638","Alya"
"175639",""
"175687",""
"175740",""
"175743",""
"175744","V828 Her"
"175751",""
"175775",""
"175813",""
"175824",""
"175865","R Lyr"
"175869",""
"175986",""
"176051",""
"176155","FF Aql"
"176162",""
"176232","V1286 Aql"
"176303",""
"176318",""
"176408",""
"176411",""
"176437","Sulafat"
"176524",""
"176527",""
"176598",""
"176638",""
"176664",""
"176670",""
"176678",""
"176687","Ascella"
"176704",""
"176723",""
"176871",""
"176984",""
"177003",""
"177074",""
"177171",""
"177178",""
"177196",""
"177241",""
"177249",""
"177336","V Aql"
"177389",""
"177392","LT Vul"
"177406",""
"177410","EE Dra"
"177463",""
"177474",""
"177475",""
"177482",""
"177517",""
"177716",""
"177724",""
"177756",""
"177808",""
"177873",""
"177940","R Aql"
"178125","Y Aql"
"178175","V4024 Sgr"
"178187",""
"178207",""
"178233",""
"178253",""
"178322",""
"178345",""
"178449",""
"178475",""
"178524",""
"178596",""
"179009",""
"179094","V1762 Cyg"
"179153",""
"179323",""
"179366",""
"179406",""
"179433",""
"179497",""
"179527","V471 Lyr"
"179761","V1288 Aql"
"179886",""
"179933",""
"179950",""
"179957",""
"180006",""
"180093","RY Sgr"
"180163",""
"180262",""
"180317",""
"180450",""
"180457",""
"180482",""
"180540",""
"180554",""
"180555",""
"180583","V473 Lyr"
"180610",""
"180610",""
"180711","Altais"
"180777",""
"180809",""
"180868",""
"180885",""
"180968","ES Vul"
"180972",""
"181053",""
"181182","U Sge"
"181240",""
"181276",""
"181296",""
"181333","V1208 Aql"
"181383",""
"181391",""
"181440",""
"181454","Arkab Prior"
"181577",""
"181577",""
"181615",""
"181623","Arkab Posterior"
"181645",""
"181869","Rukbat"
"181907",""
"181984",""
"182190",""
"182255",""
"182286",""
"182369",""
"182391",""
"182416",""
"182477",""
"182490",""
"182509",""
"182564",""
"182568",""
"182571",""
"182572",""
"182629",""
"182640",""
"182645",""
"182681",""
"182694",""
"182709",""
"182762",""
"182835",""
"182900",""
"182919",""
"182955",""
"183007",""
"183028",""
"183030",""
"183056","V1741 Cyg"
"183227",""
"183275",""
"183324",""
"183344","U Aql"
"183439",""
"183491",""
"183492",""
"183534",""
"183537",""
"183552",""
"183556",""
"183630",""
"183656","V923 Aql"
"183806","PW Tel"
"183912","Albireo"
"183914",""
"184006",""
"184010",""
"184035","V4089 Sgr"
"184127",""
"184171",""
"184293",""
"184398","V1817 Cyg"
"184406",""
"184492",""
"184552",""
"184606",""
"184707",""
"184759",""
"184786","V1743 Cyg"
"184835",""
"184875",""
"184915",""
"184930",""
"184960",""
"184985",""
"185018",""
"185037",""
"185059","U Vul"
"185124",""
"185139","QQ Tel"
"185144",""
"185194",""
"185257","V4090 Sgr"
"185351",""
"185395",""
"185404",""
"185467",""
"185507",""
"185644",""
"185734",""
"185758","Sham"
"185762",""
"185872",""
"185912","V1143 Cyg"
"185936","QS Aql"
"185958",""
"186005",""
"186122",""
"186155",""
"186185",""
"186203",""
"186219",""
"186357","V1276 Cyg"
"186377",""
"186408",""
"186427",""
"186486",""
"186500",""
"186518","PS Vul"
"186532","V1351 Cyg"
"186543",""
"186547",""
"186619",""
"186648",""
"186675",""
"186686",""
"186688","SU   Cyg"
"186689",""
"186776","V973 Cyg"
"186786","NZ Pav"
"186791","Tarazed"
"186882",""
"186957",""
"187013",""
"187076",""
"187086",""
"187195",""
"187235",""
"187259",""
"187340",""
"187362",""
"187420",""
"187459","V1765 Cyg"
"187474","V3961 Sgr"
"187532",""
"187567","V1339 Aql"
"187642","Altair"
"187691",""
"187739",""
"187764","CN Dra"
"187796",""
"187811",""
"187849","V1509 Cyg"
"187879","V380 Cyg"
"187929",""
"187949","V505 Sgr"
"187982",""
"188001",""
"188041","V1291 Aql"
"188056",""
"188097",""
"188114",""
"188119",""
"188154",""
"188162",""
"188209",""
"188228",""
"188252",""
"188260",""
"188293",""
"188294",""
"188310","Libertas"
"188350",""
"188376",""
"188439","V819 Cyg"
"188485",""
"188512","Alshain"
"188584",""
"188603",""
"188650",""
"188665",""
"188727","S Sge"
"188728",""
"188887",""
"188892",""
"188899",""
"188947",""
"189005",""
"189037",""
"189037",""
"189090",""
"189103",""
"189118",""
"189124","NU Pav"
"189178",""
"189195",""
"189198",""
"189245",""
"189276",""
"189319",""
"189340",""
"189395",""
"189410",""
"189577","VZ Sge"
"189684",""
"189687","V1746 Cyg"
"189695",""
"189741",""
"189763","V3872 Sgr"
"189785",""
"189785",""
"189831",""
"189849","NT Vul"
"189944",""
"190004",""
"190056",""
"190147",""
"190211",""
"190229",""
"190248",""
"190299",""
"190327",""
"190360",""
"190390","V1401 Aql"
"190406",""
"190421",""
"190454",""
"190544",""
"190603","V1768 Cyg"
"190608",""
"190713",""
"190940",""
"190960",""
"190993",""
"191026",""
"191067",""
"191195",""
"191277",""
"191408",""
"191570",""
"191571",""
"191610","V1624 Cyg"
"191692",""
"191747",""
"191753",""
"191829",""
"191862",""
"192004",""
"192044",""
"192107",""
"192310",""
"192425",""
"192455",""
"192514",""
"192518","NU Vul"
"192563",""
"192577","V695 Cyg"
"192640","V1644 Cyg"
"192666",""
"192685","QR Vul"
"192696",""
"192713","QS Vul"
"192781",""
"192787",""
"192787",""
"192806",""
"192836",""
"192876",""
"192879",""
"192907",""
"192909","V1488 Cyg"
"192944",""
"192947","Algedi"
"192985",""
"193092",""
"193150",""
"193237","P Cyg"
"193322",""
"193369",""
"193370",""
"193432",""
"193452",""
"193472",""
"193495","Dabih"
"193536","V1773 Cyg"
"193571",""
"193579",""
"193664",""
"193680",""
"193721",""
"193722","V1584 Cyg"
"193807",""
"193911",""
"193924","Peacock"
"193964","DE Dra"
"194013",""
"194093","Sadr"
"194152",""
"194193",""
"194215",""
"194258","AC Dra"
"194298",""
"194317",""
"194335",""
"194577",""
"194612",""
"194636",""
"194939",""
"194943",""
"195050",""
"195068",""
"195093",""
"195094",""
"195135",""
"195295",""
"195324",""
"195325",""
"195554",""
"195556",""
"195564",""
"195569",""
"195593",""
"195627",""
"195725",""
"195774",""
"195810",""
"195943",""
"195943",""
"195961",""
"196051",""
"196067",""
"196093",""
"196094",""
"196171",""
"196178",""
"196180",""
"196321",""
"196348",""
"196362",""
"196378",""
"196502","AF Dra"
"196504",""
"196519",""
"196524","Rotanev"
"196544",""
"196574",""
"196606",""
"196610","EU Del"
"196662",""
"196724",""
"196725",""
"196737",""
"196740",""
"196753",""
"196755",""
"196758",""
"196775",""
"196777",""
"196787",""
"196852",""
"196857",""
"196867","Sualocin"
"196917",""
"196925",""
"197051",""
"197121",""
"197139",""
"197157",""
"197177",""
"197345","Deneb"
"197392",""
"197419","V568 Cyg"
"197461",""
"197511",""
"197572","X Cyg"
"197630",""
"197635",""
"197692",""
"197725",""
"197752",""
"197812","U Del"
"197912",""
"197937",""
"197939",""
"197950",""
"197963",""
"197964",""
"197989",""
"198001","Albali"
"198026","EN Aqr"
"198048",""
"198069",""
"198084",""
"198134","T Cyg"
"198149",""
"198160",""
"198174",""
"198183",""
"198232",""
"198308",""
"198345",""
"198357",""
"198390",""
"198391",""
"198431",""
"198478","V1661 Cyg"
"198529",""
"198542",""
"198571",""
"198639",""
"198667",""
"198700",""
"198716",""
"198726","T Vul"
"198743",""
"198809",""
"198982",""
"199012",""
"199081",""
"199095",""
"199098",""
"199098",""
"199101",""
"199124","EM Aqr"
"199140","BW Vul"
"199169",""
"199253",""
"199254",""
"199260",""
"199345",""
"199437",""
"199443",""
"199478",""
"199532",""
"199579",""
"199603","DV Aqr"
"199611",""
"199611",""
"199612",""
"199623",""
"199629",""
"199665","Musica"
"199697",""
"199728","AO Cap"
"199766",""
"199870",""
"199870",""
"199951",""
"199955",""
"199960",""
"200039",""
"200044",""
"200073",""
"200120","V832 Cyg"
"200163",""
"200205",""
"200256",""
"200310","V1931 Cyg"
"200365",""
"200496",""
"200497",""
"200499",""
"200525",""
"200644",""
"200702",""
"200718",""
"200751",""
"200751",""
"200761",""
"200763",""
"200790",""
"200817",""
"200905",""
"200914",""
"201078","DT Cyg"
"201091","V1803 Cyg"
"201092",""
"201184",""
"201251",""
"201352",""
"201371",""
"201381",""
"201433","V389 Cyg"
"201601",""
"201616",""
"201636",""
"201647",""
"201707","EW Aqr"
"201772",""
"201834",""
"201852",""
"201901",""
"201908",""
"202012","T Cep"
"202103",""
"202109",""
"202275",""
"202320",""
"202369",""
"202444",""
"202447","Kitalpha"
"202627",""
"202671",""
"202723",""
"202730",""
"202753",""
"202850",""
"202874","T Ind"
"202904",""
"202951",""
"202987",""
"203006",""
"203064","V1809 Cyg"
"203133","Y Pav"
"203156","V1334 Cyg"
"203222",""
"203245",""
"203280","Alderamin"
"203291",""
"203338",""
"203344",""
"203387",""
"203399",""
"203467",""
"203475",""
"203495",""
"203495",""
"203504",""
"203525",""
"203562",""
"203585",""
"203608",""
"203638",""
"203644",""
"203705",""
"203760",""
"203803",""
"203843",""
"203875",""
"203881","SX Pav"
"203925",""
"203926",""
"203949",""
"204018",""
"204075",""
"204131","V1934 Cyg"
"204139",""
"204153",""
"204172",""
"204188","IK Peg"
"204381",""
"204394",""
"204403",""
"204411",""
"204414",""
"204428",""
"204485",""
"204585",""
"204724",""
"204770",""
"204771",""
"204783",""
"204854",""
"204867","Sadalsuud"
"204960",""
"205021","Alfirk"
"205072",""
"205139",""
"205289",""
"205314",""
"205423",""
"205435",""
"205471",""
"205478",""
"205512",""
"205529",""
"205637",""
"205730","W Cyg"
"205767",""
"205811",""
"205835",""
"205852",""
"205924",""
"205939","CP Cyg"
"206043",""
"206058",""
"206067",""
"206088","Nashira"
"206165","V337 Cep"
"206240",""
"206267",""
"206301",""
"206330",""
"206356",""
"206445",""
"206453",""
"206487",""
"206538",""
"206553","CG Oct"
"206561",""
"206570","V460 Cyg"
"206632","V1339 Cyg"
"206644",""
"206672","Azelfafage"
"206677",""
"206742",""
"206749",""
"206774",""
"206778","Enif"
"206826",""
"206827",""
"206834",""
"206859",""
"206860","HN Peg"
"206901",""
"206936",""
"206952",""
"207005","AG Cap"
"207052",""
"207089",""
"207098",""
"207129",""
"207130",""
"207155",""
"207198",""
"207203",""
"207229",""
"207241",""
"207260",""
"207330",""
"207528",""
"207650",""
"207652",""
"207652",""
"207840",""
"207857","V1619 Cyg"
"207932","HO Peg"
"207958",""
"207964",""
"207971",""
"207978",""
"208057",""
"208095",""
"208108",""
"208111",""
"208149",""
"208321",""
"208435","BZ Gru"
"208450",""
"208496","BG Ind"
"208501",""
"208565",""
"208737",""
"208741",""
"208796",""
"208816","VV Cep"
"209008",""
"209014",""
"209100",""
"209128",""
"209166",""
"209167",""
"209278","DX Aqr"
"209369",""
"209396",""
"209409",""
"209419",""
"209459",""
"209476",""
"209481","LZ Cep"
"209515","V1942 Cyg"
"209522",""
"209529",""
"209625",""
"209688",""
"209744",""
"209747",""
"209750","Sadalmelik"
"209761",""
"209772","MO Cep"
"209790","Kurhah"
"209819",""
"209833",""
"209857","HT Lac"
"209945",""
"209952","Alnair"
"209960",""
"209961","V365 Lac"
"209975",""
"210027",""
"210049",""
"210066",""
"210074",""
"210129",""
"210191",""
"210271",""
"210302",""
"210334","AR Lac"
"210344",""
"210354",""
"210418","Biham"
"210422",""
"210424",""
"210434",""
"210459",""
"210502",""
"210516",""
"210702",""
"210705",""
"210715",""
"210745",""
"210762",""
"210807",""
"210839",""
"210848",""
"210853",""
"210855",""
"210884",""
"210889",""
"210934",""
"210939",""
"210960",""
"210967",""
"211006",""
"211029",""
"211073",""
"211088",""
"211096",""
"211202",""
"211211",""
"211336",""
"211361",""
"211388",""
"211391","Ancha"
"211392",""
"211415",""
"211416",""
"211434",""
"211539",""
"211554",""
"211676",""
"211833",""
"211838",""
"211924",""
"211998",""
"212010",""
"212061","Sadachbia"
"212076","IN Peg"
"212087",""
"212097",""
"212120",""
"212132",""
"212211",""
"212271",""
"212320",""
"212330",""
"212395",""
"212404",""
"212430",""
"212466",""
"212496",""
"212571",""
"212581",""
"212593",""
"212697",""
"212698",""
"212710",""
"212728",""
"212754",""
"212943",""
"212953",""
"212988",""
"213009",""
"213022",""
"213051",""
"213052",""
"213080",""
"213087",""
"213119",""
"213135",""
"213179",""
"213235",""
"213236",""
"213296",""
"213306",""
"213307",""
"213310",""
"213320",""
"213323",""
"213389","V350 Lac"
"213398",""
"213403",""
"213420",""
"213442",""
"213464",""
"213468",""
"213534","GX Peg"
"213558",""
"213617",""
"213660",""
"213789",""
"213798",""
"213845",""
"213930",""
"213986",""
"213998",""
"214035",""
"214085",""
"214122",""
"214150",""
"214159",""
"214167",""
"214168",""
"214376","Situla"
"214441","CC Gru"
"214454",""
"214470",""
"214484",""
"214567",""
"214632",""
"214665",""
"214680",""
"214690",""
"214698",""
"214710",""
"214710",""
"214734",""
"214748",""
"214846",""
"214850",""
"214868",""
"214878",""
"214923","Homam"
"214952",""
"214966",""
"214993","DD Lac"
"214994",""
"214995",""
"215030",""
"215104",""
"215143",""
"215167",""
"215182","Matar"
"215369",""
"215373",""
"215405",""
"215510",""
"215573",""
"215648",""
"215664",""
"215665",""
"215721",""
"215766",""
"215789",""
"215874","FM Aqr"
"215943",""
"216032",""
"216131","Sadalbari"
"216149",""
"216174",""
"216200","V360 Lac"
"216210",""
"216228",""
"216336",""
"216380",""
"216385",""
"216386",""
"216397",""
"216435",""
"216437",""
"216446",""
"216489","IM Peg"
"216494","HI Aqr"
"216608",""
"216627","Skat"
"216637",""
"216640",""
"216646",""
"216655",""
"216656",""
"216672","HR Peg"
"216701",""
"216718",""
"216735",""
"216756",""
"216763",""
"216803","TW PsA"
"216823",""
"216831",""
"216916","EN Lac"
"216946",""
"216956","Fomalhaut"
"217014","Helvetios"
"217050","EW Lac"
"217157",""
"217232",""
"217236",""
"217264",""
"217303",""
"217364",""
"217382",""
"217403",""
"217428",""
"217459",""
"217476","V509 Cas"
"217484",""
"217531",""
"217563",""
"217675",""
"217701",""
"217703",""
"217782",""
"217792",""
"217811","LN And"
"217831",""
"217833","V638 Cas"
"217842",""
"217891",""
"217902",""
"217906","Scheat"
"218029",""
"218031",""
"218045","Markab"
"218060",""
"218227",""
"218240",""
"218242",""
"218329",""
"218329",""
"218356",""
"218376",""
"218396",""
"218434",""
"218434",""
"218452",""
"218470",""
"218527",""
"218594",""
"218619",""
"218630",""
"218634","GZ Peg"
"218640",""
"218655",""
"218658",""
"218670",""
"218700",""
"218753",""
"218792",""
"218804",""
"218918",""
"218935",""
"219080",""
"219134",""
"219139",""
"219215",""
"219263",""
"219402",""
"219449",""
"219477",""
"219482",""
"219482",""
"219485",""
"219507",""
"219571",""
"219576",""
"219586",""
"219615",""
"219623",""
"219634","V649 Cas"
"219688",""
"219693",""
"219734",""
"219749","ET And"
"219765",""
"219784",""
"219784",""
"219815","AN And"
"219832",""
"219834",""
"219877",""
"219879",""
"219916",""
"219945",""
"219981",""
"220009",""
"220061",""
"220088",""
"220096",""
"220117",""
"220222",""
"220278",""
"220318",""
"220321",""
"220363",""
"220369",""
"220440",""
"220572",""
"220599",""
"220652",""
"220657",""
"220704",""
"220729",""
"220790",""
"220825",""
"220858",""
"220885",""
"220933","HV Peg"
"220954",""
"220974",""
"221006","CG Tuc"
"221115",""
"221253","AR Cas"
"221345","Veritate"
"221357",""
"221409",""
"221420",""
"221507",""
"221525",""
"221565",""
"221615","HW Peg"
"221673",""
"221675",""
"221745",""
"221756",""
"221758",""
"221760",""
"221833",""
"221861",""
"221950",""
"222060",""
"222093",""
"222095",""
"222098",""
"222107",""
"222109",""
"222133","KS Peg"
"222173",""
"222287",""
"222304",""
"222345",""
"222368",""
"222377",""
"222386",""
"222387",""
"222404","Errai"
"222433",""
"222439",""
"222493",""
"222547",""
"222561",""
"222574",""
"222602",""
"222603",""
"222643",""
"222661",""
"222683",""
"222764",""
"222800","R Aqr"
"222806",""
"222820",""
"222842",""
"222847",""
"223024",""
"223047",""
"223075","TX Psc"
"223128",""
"223145",""
"223165",""
"223170",""
"223173",""
"223252",""
"223274",""
"223352",""
"223358","V650 Cas"
"223385","V566 Cas"
"223438",""
"223460","OU And"
"223461",""
"223524",""
"223559",""
"223637","HH Peg"
"223640","ET Aqr"
"223647",""
"223719",""
"223768",""
"223774",""
"223781","HT Peg"
"223807",""
"223825",""
"223855",""
"224014",""
"224062","XZ Psc"
"224103",""
"224113","AL Scl"
"224151","V373 Cas"
"224165",""
"224309","V Cep"
"224355",""
"224361",""
"224362",""
"224392",""
"224427",""
"224481",""
"224490","R Cas"
"224533",""
"224554",""
"224559","LQ And"
"224572",""
"224617",""
"224630",""
"224686",""
"224801","CG And"
"224834",""
"224865",""
"224889",""
"224893",""
"224926",""
"224930",""
"224935","YY Psc"
"224960","W Cet"
"224990",""
"224995",""
"225003",""
"225009",""
"225094","V639 Cas"
"225132",""
"225180",""
"225197",""
"225212",""
"225216",""
"225253",""
"225289","V567 Cas"
"225524",""
"225787",""
"226237",""
"227198",""
"227198",""
"227510",""
"227510",""
"227642",""
"227658",""
"227658",""
"228130",""
"229232",""
"229232",""
"229232",""
"229232",""
"231389",""
"234106",""
"237569",""
"239773",""
"241165",""
"241964",""
"248002",""
"250757",""
"257498",""
"257937",""
"259410",""
"261555",""
"261879",""
"263084",""
"263860",""
"263860",""
"266382",""
"267574",""
"268000",""
"269828",""
"269927",""
"270786",""
"273238",""
"273238",""
"273238",""
"273316",""
"275057",""
"275087",""
"275161",""
"275165",""
"275410",""
"275999",""
"276351",""
"276769",""
"276802",""
"277051",""
"277163",""
"277304",""
"277315",""
"277315",""
"277322",""
"277885",""
"278129",""
"278147",""
"278147",""
"278486",""
"278630",""
"279048",""
"279048",""
"279048",""
"279178",""
"279343",""
"279364",""
"279501",""
"279501",""
"279506",""
"279904",""
"280174",""
"280571",""
"280582",""
"280629",""
"280848",""
"281463",""
"282014",""
"282425",""
"282427",""
"283082",""
"283281",""
"283379",""
"283412",""
"283591",""
"283591",""
"283811",""
"283811",""
"284220",""
"284264",""
"284271",""
"284624",""
"284624",""
"284624",""
"284628",""
"284655",""
"284672",""
"284725",""
"285042",""
"285590",""
"285876",""
"286010",""
"286161",""
"286395",""
"287083",""
"287119",""
"287337",""
"287503",""
"287826",""
"289715",""
"289774",""
"289816",""
"290430",""
"290488",""
"290569",""
"290694",""
"290729",""
"290821",""
"290834",""
"291358",""
"291512",""
"291578",""
"291678",""
"292665",""
"292809",""
"292838",""
"292928",""
"293619",""
"294068",""
"294081",""
"295644",""
"295664",""
"296356",""
"296500",""
"296500",""
"297687",""
"297743",""
"297811",""
"298207",""
"298710",""
"299399",""
"299399",""
"299469",""
"302860",""
"304043",""
"304043",""
"305299",""
"305542",""
"305903",""
"305903",""
"305903",""
"305915",""
"306490",""
"308044",""
"308106",""
"308321",""
"308939",""
"308954",""
"310036",""
"310724",""
"311487",""
"314088",""
"322481",""
"324887",""
"325816",""
"327846",""
"327952",""
"328267",""
"329443",""
"330068",""
"330743",""
"330776",""
"331912",""
"332160",""
"333014",""
"333083",""
"333343",""
"333362",""
"333433",""
"333433",""
"333835",""
"333923",""
"334040",""
"334075",""
"334481",""
"334815",""
"335065",""
"335094",""
"336248",""
"336489",""
"336578",""
"336582",""
"336582",""
"337187",""
"338097",""
"338148",""
"338310",""
"338901",""
"338991",""
"339090",""
"339134",""
"339225",""
"339274",""
"339782",""
"339864",""
"340144",""
"340270",""
"340382",""
"340549",""
"340799",""
"340882",""
"341444",""
"341729",""
"342072",""
"343023",""
"343663",""
"344055","Proxima Centauri"
"344108",""
"344108",""
"344142",""
"344927",""
"344927",""
"345112",""
"345112",""
"345150",""
"345986",""
"346825",""
"347288",""
"347426",""
"347426",""
"347426",""
"347959",""
"348900",""
"348902",""
"348902",""
"350344",""
"350344",""
"351635",""
"351957",""
"352103",""
"352103",""
"352103",""
"352103",""
"352163",""
"353021",""
"353737",""
"353782",""
"353964",""
"354096",""
"354343",""
"354883",""
"355391",""
"356023",""
"357121",""
"357388",""
"357885",""
"357885",""
"357885",""
"358025",""
"358025",""
